<?xml version="1.0" encoding="UTF-8" ?>
<!DOCTYPE mapper PUBLIC "-//mybatis.org//DTD Mapper 3.0//EN" 
	"http://mybatis.org/dtd/mybatis-3-mapper.dtd">

<mapper namespace="com.ssafy.exam.mapper.MemberMapper">

	<resultMap id="MemberResultMap" type="MemberDto">
		<result column="id" property="id" />
		<result column="password" property="password" />
		<result column="name" property="name" />
		<result column="email" property="email" />
		<result column="role" property="role" />
	</resultMap>

	<insert id="join" parameterType="MemberDto">
		insert into users (id, password, name, email, role)
		values (#{id}, #{password}, #{name},  #{email},#{role})
	</insert>

	<select id="login" parameterType="String" resultMap="MemberResultMap">
		select * from users where id = #{id} and
		password = #{password}
	</select>
</mapper>