<?xml version="1.0" encoding="UTF-8"?>
<!-- spring bean 설정을 포함하는 루트 요소 -->
<beans xmlns="http://www.springframework.org/schema/beans"
	xmlns:xsi="http://www.w3.org/2001/XMLSchema-instance"
	xmlns:context="http://www.springframework.org/schema/context"
	xmlns:tx="http://www.springframework.org/schema/tx"
	xsi:schemaLocation="http://www.springframework.org/schema/beans https://www.springframework.org/schema/beans/spring-beans.xsd
		http://www.springframework.org/schema/context http://www.springframework.org/schema/context/spring-context-4.3.xsd
		http://www.springframework.org/schema/tx http://www.springframework.org/schema/tx/spring-tx-4.3.xsd">
	
	<!-- Root Context: defines shared resources visible to all other web components -->
		
	<!-- JNDI(Java Naming and Directory Interface)를 통해 데이터베이스 연결 정보를 가져옴 -->
	<bean id="dataSource" class="org.springframework.jndi.JndiObjectFactoryBean">
		<property name="jndiName" value="java:comp/env/jdbc/edu"/> <!-- database 설정파일: META-INF/context.xml -->
	</bean>
	
	<!-- MyBatis의 SQL 세션 팩토리 생성 -->
	<bean id="sqlSessionFactoryBean" class="org.mybatis.spring.SqlSessionFactoryBean">
		<!-- dataSource 참조 -->
		<property name="dataSource"         ref="dataSource"/>
		<!-- MyBatis에서 사용할 타입 별칭의 패키지 설정 -->
		<property name="typeAliasesPackage" value="com.edu.customer.model.dao"/>
		<!-- SQL mapper 파일의 위치 지정 -->
		<property name="mapperLocations"    value="classpath:sqlMapper.xml"/>
		<!-- MyBatis 설정 파일의 위치 지정 -->
		<property name="configLocation"     value="classpath:myBatis-config.xml"/>
	</bean>
	
	<!-- SQL Session 관리 -->
	<bean id="sqlSession" class="org.mybatis.spring.SqlSessionTemplate">
		<constructor-arg ref="sqlSessionFactoryBean"/>
	</bean>
	
	<!-- 데이터베이스 트랜잭션 관리 -->
	<bean id="transactionManager"  class="org.springframework.jdbc.datasource.DataSourceTransactionManager">
		<property name="dataSource" ref="dataSource"/>
	</bean>
	
	<!-- 애플리케이션에서 트랜잭션을 주석 기반으로 관리할 수 있도록 설정 -->
	<tx:annotation-driven transaction-manager="transactionManager"/>	
	
	<context:component-scan base-package="com.edu.customer.model"/>
</beans>









