<?xml version="1.0" encoding="UTF-8"?>
<beans:beans xmlns="http://www.springframework.org/schema/mvc"
	xmlns:xsi="http://www.w3.org/2001/XMLSchema-instance"
	xmlns:beans="http://www.springframework.org/schema/beans"
	xmlns:context="http://www.springframework.org/schema/context"
	xsi:schemaLocation="http://www.springframework.org/schema/mvc https://www.springframework.org/schema/mvc/spring-mvc.xsd
		http://www.springframework.org/schema/beans https://www.springframework.org/schema/beans/spring-beans.xsd
		http://www.springframework.org/schema/context https://www.springframework.org/schema/context/spring-context.xsd">

	<annotation-driven />
	
	<context:component-scan base-package="com.ssafy.exam.controller" />
	
	<!-- Handles HTTP GET requests for /resources/** by efficiently serving up static resources in the ${webappRoot}/resources directory -->
	<resources mapping="/resources/**" location="/resources/" />

	<beans:bean class="org.springframework.web.servlet.view.InternalResourceViewResolver">
		<beans:property name="prefix" value="/WEB-INF/views/" />
		<beans:property name="suffix" value=".jsp" />
	</beans:bean>
	
	<!-- Interceptor 등록 -->
    <interceptors>
        <interceptor> 
           <!--  Admin 상태에서만 Interceptor 적용 -->
           <mapping path="/admin/**" />
            
            <!-- AdminInterceptor 클래스 지정 -->
            <beans:bean class="com.ssafy.exam.interceptor.AdminInterceptor"/>
         </interceptor>
    </interceptors> 
	
</beans:beans>

<!-- 
<annotation-driven />
Spring MVC @Controller에 요청을 보내기 위해 필요한 HandlerMapping과 HandlerAdapter를 Bean으로 등록한다.

HandlerMapping : HTTP 요청정보를 이용해서 컨트롤러를 찾아주는 기능
HandlerAdapter : HandlerMapping을 통해 찾은 컨트롤러를 직접 실행하는 기능을 수행
 -->
